,N,Delta,Alpha
0,50,0.5,0.0
1,50,0.5005005005005005,0.0
2,50,0.501001001001001,0.0
3,50,0.5015015015015015,0.0
4,50,0.502002002002002,0.0
5,50,0.5025025025025025,0.0
6,50,0.503003003003003,0.0
7,50,0.5035035035035035,0.0
8,50,0.504004004004004,0.0
9,50,0.5045045045045045,0.0
10,50,0.505005005005005,0.0
11,50,0.5055055055055055,0.0
12,50,0.506006006006006,0.0
13,50,0.5065065065065065,0.0
14,50,0.507007007007007,0.0
15,50,0.5075075075075075,0.0
16,50,0.508008008008008,0.0
17,50,0.5085085085085085,0.0
18,50,0.509009009009009,0.0
19,50,0.5095095095095095,0.0
20,50,0.51001001001001,0.0010000000000000009
21,50,0.5105105105105106,0.0
22,50,0.511011011011011,0.0010000000000000009
23,50,0.5115115115115115,0.0
24,50,0.512012012012012,0.0
25,50,0.5125125125125125,0.0
26,50,0.513013013013013,0.0
27,50,0.5135135135135135,0.0
28,50,0.514014014014014,0.0010000000000000009
29,50,0.5145145145145145,0.0
30,50,0.515015015015015,0.0
31,50,0.5155155155155156,0.0010000000000000009
32,50,0.516016016016016,0.0
33,50,0.5165165165165165,0.0
34,50,0.517017017017017,0.0
35,50,0.5175175175175175,0.0010000000000000009
36,50,0.5180180180180181,0.0
37,50,0.5185185185185185,0.0
38,50,0.519019019019019,0.0010000000000000009
39,50,0.5195195195195195,0.0010000000000000009
40,50,0.52002002002002,0.0
41,50,0.5205205205205206,0.0
42,50,0.521021021021021,0.0010000000000000009
43,50,0.5215215215215215,0.0
44,50,0.522022022022022,0.0
45,50,0.5225225225225225,0.0
46,50,0.5230230230230231,0.0
47,50,0.5235235235235235,0.0
48,50,0.524024024024024,0.0010000000000000009
49,50,0.5245245245245245,0.0
50,50,0.525025025025025,0.0
51,50,0.5255255255255256,0.0
52,50,0.526026026026026,0.0
53,50,0.5265265265265265,0.0
54,50,0.527027027027027,0.0010000000000000009
55,50,0.5275275275275275,0.0010000000000000009
56,50,0.5280280280280281,0.0
57,50,0.5285285285285285,0.0010000000000000009
58,50,0.529029029029029,0.0
59,50,0.5295295295295295,0.0
60,50,0.53003003003003,0.0
61,50,0.5305305305305306,0.0010000000000000009
62,50,0.531031031031031,0.0
63,50,0.5315315315315315,0.0
64,50,0.532032032032032,0.0010000000000000009
65,50,0.5325325325325325,0.0
66,50,0.5330330330330331,0.0
67,50,0.5335335335335335,0.0
68,50,0.534034034034034,0.0
69,50,0.5345345345345345,0.0
70,50,0.535035035035035,0.0
71,50,0.5355355355355356,0.0010000000000000009
72,50,0.536036036036036,0.0
73,50,0.5365365365365365,0.0
74,50,0.537037037037037,0.0010000000000000009
75,50,0.5375375375375375,0.0
76,50,0.5380380380380381,0.0
77,50,0.5385385385385385,0.0
78,50,0.539039039039039,0.0010000000000000009
79,50,0.5395395395395395,0.0
80,50,0.54004004004004,0.0
81,50,0.5405405405405406,0.0
82,50,0.541041041041041,0.0
83,50,0.5415415415415415,0.0010000000000000009
84,50,0.542042042042042,0.0010000000000000009
85,50,0.5425425425425425,0.0
86,50,0.5430430430430431,0.0010000000000000009
87,50,0.5435435435435435,0.0010000000000000009
88,50,0.544044044044044,0.0010000000000000009
89,50,0.5445445445445446,0.0
90,50,0.545045045045045,0.0
91,50,0.5455455455455456,0.0
92,50,0.546046046046046,0.0
93,50,0.5465465465465466,0.0
94,50,0.5470470470470471,0.0
95,50,0.5475475475475475,0.0
96,50,0.5480480480480481,0.0
97,50,0.5485485485485485,0.0
98,50,0.549049049049049,0.0
99,50,0.5495495495495496,0.0
100,50,0.55005005005005,0.0
101,50,0.5505505505505506,0.0010000000000000009
102,50,0.551051051051051,0.0
103,50,0.5515515515515516,0.0
104,50,0.5520520520520521,0.0
105,50,0.5525525525525525,0.0010000000000000009
106,50,0.5530530530530531,0.0010000000000000009
107,50,0.5535535535535535,0.0
108,50,0.5540540540540541,0.0010000000000000009
109,50,0.5545545545545546,0.0010000000000000009
110,50,0.555055055055055,0.0
111,50,0.5555555555555556,0.0
112,50,0.556056056056056,0.0
113,50,0.5565565565565566,0.0
114,50,0.5570570570570571,0.0
115,50,0.5575575575575575,0.0010000000000000009
116,50,0.5580580580580581,0.0030000000000000027
117,50,0.5585585585585585,0.0010000000000000009
118,50,0.5590590590590591,0.0
119,50,0.5595595595595596,0.0
120,50,0.56006006006006,0.0010000000000000009
121,50,0.5605605605605606,0.0
122,50,0.561061061061061,0.0
123,50,0.5615615615615616,0.0
124,50,0.5620620620620621,0.0010000000000000009
125,50,0.5625625625625625,0.0010000000000000009
126,50,0.5630630630630631,0.0
127,50,0.5635635635635635,0.0020000000000000018
128,50,0.5640640640640641,0.0010000000000000009
129,50,0.5645645645645646,0.0
130,50,0.565065065065065,0.0
131,50,0.5655655655655656,0.0010000000000000009
132,50,0.566066066066066,0.0020000000000000018
133,50,0.5665665665665666,0.0020000000000000018
134,50,0.5670670670670671,0.0
135,50,0.5675675675675675,0.0
136,50,0.5680680680680681,0.0010000000000000009
137,50,0.5685685685685685,0.0010000000000000009
138,50,0.5690690690690691,0.0
139,50,0.5695695695695696,0.0010000000000000009
140,50,0.57007007007007,0.0
141,50,0.5705705705705706,0.0
142,50,0.571071071071071,0.0
143,50,0.5715715715715716,0.0
144,50,0.5720720720720721,0.0
145,50,0.5725725725725725,0.0
146,50,0.5730730730730731,0.0
147,50,0.5735735735735735,0.0010000000000000009
148,50,0.5740740740740741,0.0
149,50,0.5745745745745746,0.0020000000000000018
150,50,0.575075075075075,0.0010000000000000009
151,50,0.5755755755755756,0.0020000000000000018
152,50,0.5760760760760761,0.0
153,50,0.5765765765765766,0.0010000000000000009
154,50,0.5770770770770771,0.0010000000000000009
155,50,0.5775775775775776,0.0010000000000000009
156,50,0.5780780780780781,0.0
157,50,0.5785785785785786,0.0030000000000000027
158,50,0.5790790790790791,0.0
159,50,0.5795795795795796,0.0
160,50,0.58008008008008,0.0010000000000000009
161,50,0.5805805805805806,0.0
162,50,0.5810810810810811,0.0040000000000000036
163,50,0.5815815815815816,0.0010000000000000009
164,50,0.5820820820820821,0.0030000000000000027
165,50,0.5825825825825826,0.0010000000000000009
166,50,0.5830830830830831,0.0010000000000000009
167,50,0.5835835835835836,0.0010000000000000009
168,50,0.5840840840840841,0.0
169,50,0.5845845845845846,0.0010000000000000009
170,50,0.585085085085085,0.0020000000000000018
171,50,0.5855855855855856,0.0020000000000000018
172,50,0.5860860860860861,0.0010000000000000009
173,50,0.5865865865865866,0.0010000000000000009
174,50,0.5870870870870871,0.0
175,50,0.5875875875875876,0.0030000000000000027
176,50,0.5880880880880881,0.0010000000000000009
177,50,0.5885885885885886,0.0
178,50,0.5890890890890891,0.0010000000000000009
179,50,0.5895895895895896,0.0010000000000000009
180,50,0.5900900900900901,0.0
181,50,0.5905905905905906,0.0020000000000000018
182,50,0.5910910910910911,0.0020000000000000018
183,50,0.5915915915915916,0.0010000000000000009
184,50,0.5920920920920921,0.0030000000000000027
185,50,0.5925925925925926,0.0
186,50,0.5930930930930931,0.0020000000000000018
187,50,0.5935935935935936,0.0
188,50,0.5940940940940941,0.0010000000000000009
189,50,0.5945945945945946,0.0020000000000000018
190,50,0.5950950950950951,0.0010000000000000009
191,50,0.5955955955955956,0.0020000000000000018
192,50,0.5960960960960962,0.0040000000000000036
193,50,0.5965965965965966,0.0
194,50,0.5970970970970971,0.0040000000000000036
195,50,0.5975975975975976,0.0010000000000000009
196,50,0.5980980980980981,0.0040000000000000036
197,50,0.5985985985985987,0.0
198,50,0.5990990990990991,0.0040000000000000036
199,50,0.5995995995995996,0.0050000000000000044
200,50,0.6001001001001001,0.0020000000000000018
201,50,0.6006006006006006,0.0050000000000000044
202,50,0.6011011011011012,0.0020000000000000018
203,50,0.6016016016016016,0.0020000000000000018
204,50,0.6021021021021021,0.0040000000000000036
205,50,0.6026026026026026,0.0010000000000000009
206,50,0.6031031031031031,0.0020000000000000018
207,50,0.6036036036036037,0.0020000000000000018
208,50,0.6041041041041041,0.0010000000000000009
209,50,0.6046046046046046,0.0040000000000000036
210,50,0.6051051051051051,0.0020000000000000018
211,50,0.6056056056056056,0.0010000000000000009
212,50,0.6061061061061062,0.0010000000000000009
213,50,0.6066066066066066,0.0020000000000000018
214,50,0.6071071071071071,0.0030000000000000027
215,50,0.6076076076076076,0.0050000000000000044
216,50,0.6081081081081081,0.0020000000000000018
217,50,0.6086086086086087,0.0
218,50,0.6091091091091091,0.0030000000000000027
219,50,0.6096096096096096,0.0
220,50,0.6101101101101101,0.0030000000000000027
221,50,0.6106106106106106,0.0030000000000000027
222,50,0.6111111111111112,0.0040000000000000036
223,50,0.6116116116116116,0.0030000000000000027
224,50,0.6121121121121121,0.0040000000000000036
225,50,0.6126126126126126,0.0010000000000000009
226,50,0.6131131131131131,0.0030000000000000027
227,50,0.6136136136136137,0.0020000000000000018
228,50,0.6141141141141141,0.007000000000000006
229,50,0.6146146146146146,0.0030000000000000027
230,50,0.6151151151151151,0.0030000000000000027
231,50,0.6156156156156156,0.0010000000000000009
232,50,0.6161161161161162,0.0020000000000000018
233,50,0.6166166166166166,0.0010000000000000009
234,50,0.6171171171171171,0.0010000000000000009
235,50,0.6176176176176176,0.006000000000000005
236,50,0.6181181181181181,0.0030000000000000027
237,50,0.6186186186186187,0.0050000000000000044
238,50,0.6191191191191191,0.0010000000000000009
239,50,0.6196196196196196,0.0030000000000000027
240,50,0.6201201201201201,0.0020000000000000018
241,50,0.6206206206206206,0.0020000000000000018
242,50,0.6211211211211212,0.0020000000000000018
243,50,0.6216216216216216,0.0030000000000000027
244,50,0.6221221221221221,0.0020000000000000018
245,50,0.6226226226226226,0.0040000000000000036
246,50,0.6231231231231231,0.0040000000000000036
247,50,0.6236236236236237,0.0020000000000000018
248,50,0.6241241241241241,0.0040000000000000036
249,50,0.6246246246246246,0.006000000000000005
250,50,0.6251251251251251,0.0020000000000000018
251,50,0.6256256256256256,0.0020000000000000018
252,50,0.6261261261261262,0.0020000000000000018
253,50,0.6266266266266266,0.0030000000000000027
254,50,0.6271271271271271,0.006000000000000005
255,50,0.6276276276276276,0.0030000000000000027
256,50,0.6281281281281281,0.0040000000000000036
257,50,0.6286286286286287,0.0030000000000000027
258,50,0.6291291291291291,0.0020000000000000018
259,50,0.6296296296296297,0.0020000000000000018
260,50,0.6301301301301301,0.0030000000000000027
261,50,0.6306306306306306,0.0040000000000000036
262,50,0.6311311311311312,0.0020000000000000018
263,50,0.6316316316316316,0.0020000000000000018
264,50,0.6321321321321322,0.0050000000000000044
265,50,0.6326326326326326,0.0020000000000000018
266,50,0.6331331331331331,0.006000000000000005
267,50,0.6336336336336337,0.0050000000000000044
268,50,0.6341341341341341,0.0020000000000000018
269,50,0.6346346346346347,0.0020000000000000018
270,50,0.6351351351351351,0.0030000000000000027
271,50,0.6356356356356356,0.009000000000000008
272,50,0.6361361361361362,0.0040000000000000036
273,50,0.6366366366366366,0.006000000000000005
274,50,0.6371371371371372,0.0010000000000000009
275,50,0.6376376376376376,0.0050000000000000044
276,50,0.6381381381381381,0.0040000000000000036
277,50,0.6386386386386387,0.0010000000000000009
278,50,0.6391391391391391,0.0040000000000000036
279,50,0.6396396396396397,0.0040000000000000036
280,50,0.6401401401401401,0.006000000000000005
281,50,0.6406406406406406,0.0050000000000000044
282,50,0.6411411411411412,0.0040000000000000036
283,50,0.6416416416416416,0.0040000000000000036
284,50,0.6421421421421422,0.006000000000000005
285,50,0.6426426426426426,0.006000000000000005
286,50,0.6431431431431431,0.0020000000000000018
287,50,0.6436436436436437,0.0010000000000000009
288,50,0.6441441441441441,0.0020000000000000018
289,50,0.6446446446446447,0.0010000000000000009
290,50,0.6451451451451451,0.006000000000000005
291,50,0.6456456456456456,0.008000000000000007
292,50,0.6461461461461462,0.0040000000000000036
293,50,0.6466466466466466,0.0010000000000000009
294,50,0.6471471471471472,0.010000000000000009
295,50,0.6476476476476476,0.008000000000000007
296,50,0.6481481481481481,0.009000000000000008
297,50,0.6486486486486487,0.006000000000000005
298,50,0.6491491491491491,0.0010000000000000009
299,50,0.6496496496496497,0.006000000000000005
300,50,0.6501501501501501,0.010000000000000009
301,50,0.6506506506506506,0.0040000000000000036
302,50,0.6511511511511512,0.007000000000000006
303,50,0.6516516516516516,0.007000000000000006
304,50,0.6521521521521522,0.0040000000000000036
305,50,0.6526526526526526,0.0040000000000000036
306,50,0.6531531531531531,0.008000000000000007
307,50,0.6536536536536537,0.0040000000000000036
308,50,0.6541541541541541,0.0040000000000000036
309,50,0.6546546546546547,0.009000000000000008
310,50,0.6551551551551551,0.0050000000000000044
311,50,0.6556556556556556,0.006000000000000005
312,50,0.6561561561561562,0.0050000000000000044
313,50,0.6566566566566566,0.009000000000000008
314,50,0.6571571571571572,0.008000000000000007
315,50,0.6576576576576576,0.0050000000000000044
316,50,0.6581581581581581,0.0040000000000000036
317,50,0.6586586586586587,0.009000000000000008
318,50,0.6591591591591591,0.01200000000000001
319,50,0.6596596596596597,0.0020000000000000018
320,50,0.6601601601601601,0.008000000000000007
321,50,0.6606606606606606,0.0050000000000000044
322,50,0.6611611611611612,0.008000000000000007
323,50,0.6616616616616616,0.009000000000000008
324,50,0.6621621621621622,0.008000000000000007
325,50,0.6626626626626626,0.007000000000000006
326,50,0.6631631631631631,0.01100000000000001
327,50,0.6636636636636637,0.01100000000000001
328,50,0.6641641641641641,0.010000000000000009
329,50,0.6646646646646647,0.010000000000000009
330,50,0.6651651651651651,0.006000000000000005
331,50,0.6656656656656657,0.006000000000000005
332,50,0.6661661661661662,0.007000000000000006
333,50,0.6666666666666666,0.008000000000000007
334,50,0.6671671671671672,0.013000000000000012
335,50,0.6676676676676676,0.008000000000000007
336,50,0.6681681681681682,0.009000000000000008
337,50,0.6686686686686687,0.009000000000000008
338,50,0.6691691691691691,0.007000000000000006
339,50,0.6696696696696697,0.008000000000000007
340,50,0.6701701701701701,0.006000000000000005
341,50,0.6706706706706707,0.010000000000000009
342,50,0.6711711711711712,0.01200000000000001
343,50,0.6716716716716716,0.007000000000000006
344,50,0.6721721721721722,0.0040000000000000036
345,50,0.6726726726726726,0.01200000000000001
346,50,0.6731731731731732,0.009000000000000008
347,50,0.6736736736736737,0.01100000000000001
348,50,0.6741741741741741,0.01200000000000001
349,50,0.6746746746746747,0.0040000000000000036
350,50,0.6751751751751751,0.015000000000000013
351,50,0.6756756756756757,0.014000000000000012
352,50,0.6761761761761762,0.009000000000000008
353,50,0.6766766766766766,0.014000000000000012
354,50,0.6771771771771772,0.01100000000000001
355,50,0.6776776776776776,0.008000000000000007
356,50,0.6781781781781782,0.0050000000000000044
357,50,0.6786786786786787,0.01200000000000001
358,50,0.6791791791791791,0.0050000000000000044
359,50,0.6796796796796797,0.010000000000000009
360,50,0.6801801801801801,0.008000000000000007
361,50,0.6806806806806807,0.01100000000000001
362,50,0.6811811811811812,0.010000000000000009
363,50,0.6816816816816816,0.009000000000000008
364,50,0.6821821821821822,0.010000000000000009
365,50,0.6826826826826826,0.01100000000000001
366,50,0.6831831831831832,0.009000000000000008
367,50,0.6836836836836837,0.007000000000000006
368,50,0.6841841841841843,0.006000000000000005
369,50,0.6846846846846847,0.015000000000000013
370,50,0.6851851851851851,0.009000000000000008
371,50,0.6856856856856857,0.010000000000000009
372,50,0.6861861861861862,0.010000000000000009
373,50,0.6866866866866868,0.01200000000000001
374,50,0.6871871871871872,0.010000000000000009
375,50,0.6876876876876876,0.0030000000000000027
376,50,0.6881881881881882,0.018000000000000016
377,50,0.6886886886886887,0.013000000000000012
378,50,0.6891891891891893,0.015000000000000013
379,50,0.6896896896896897,0.01100000000000001
380,50,0.6901901901901901,0.016000000000000014
381,50,0.6906906906906907,0.01200000000000001
382,50,0.6911911911911912,0.015000000000000013
383,50,0.6916916916916918,0.009000000000000008
384,50,0.6921921921921922,0.0020000000000000018
385,50,0.6926926926926926,0.015000000000000013
386,50,0.6931931931931932,0.016000000000000014
387,50,0.6936936936936937,0.01200000000000001
388,50,0.6941941941941943,0.017000000000000015
389,50,0.6946946946946947,0.010000000000000009
390,50,0.6951951951951951,0.008000000000000007
391,50,0.6956956956956957,0.015000000000000013
392,50,0.6961961961961962,0.013000000000000012
393,50,0.6966966966966968,0.01100000000000001
394,50,0.6971971971971972,0.020000000000000018
395,50,0.6976976976976976,0.017000000000000015
396,50,0.6981981981981982,0.015000000000000013
397,50,0.6986986986986987,0.02100000000000002
398,50,0.6991991991991993,0.015000000000000013
399,50,0.6996996996996997,0.013000000000000012
400,50,0.7002002002002001,0.016000000000000014
401,50,0.7007007007007007,0.010000000000000009
402,50,0.7012012012012012,0.014000000000000012
403,50,0.7017017017017018,0.01100000000000001
404,50,0.7022022022022022,0.018000000000000016
405,50,0.7027027027027027,0.02200000000000002
406,50,0.7032032032032032,0.015000000000000013
407,50,0.7037037037037037,0.018000000000000016
408,50,0.7042042042042043,0.014000000000000012
409,50,0.7047047047047047,0.019000000000000017
410,50,0.7052052052052052,0.01100000000000001
411,50,0.7057057057057057,0.018000000000000016
412,50,0.7062062062062062,0.020000000000000018
413,50,0.7067067067067068,0.015000000000000013
414,50,0.7072072072072072,0.020000000000000018
415,50,0.7077077077077077,0.015000000000000013
416,50,0.7082082082082082,0.025000000000000022
417,50,0.7087087087087087,0.016000000000000014
418,50,0.7092092092092093,0.020000000000000018
419,50,0.7097097097097097,0.018000000000000016
420,50,0.7102102102102102,0.019000000000000017
421,50,0.7107107107107107,0.017000000000000015
422,50,0.7112112112112112,0.019000000000000017
423,50,0.7117117117117118,0.01100000000000001
424,50,0.7122122122122122,0.014000000000000012
425,50,0.7127127127127127,0.018000000000000016
426,50,0.7132132132132132,0.02100000000000002
427,50,0.7137137137137137,0.020000000000000018
428,50,0.7142142142142143,0.02100000000000002
429,50,0.7147147147147147,0.018000000000000016
430,50,0.7152152152152152,0.02200000000000002
431,50,0.7157157157157157,0.01200000000000001
432,50,0.7162162162162162,0.015000000000000013
433,50,0.7167167167167168,0.019000000000000017
434,50,0.7172172172172172,0.019000000000000017
435,50,0.7177177177177178,0.02100000000000002
436,50,0.7182182182182182,0.019000000000000017
437,50,0.7187187187187187,0.02300000000000002
438,50,0.7192192192192193,0.028000000000000025
439,50,0.7197197197197197,0.025000000000000022
440,50,0.7202202202202203,0.02100000000000002
441,50,0.7207207207207207,0.018000000000000016
442,50,0.7212212212212212,0.02200000000000002
443,50,0.7217217217217218,0.017000000000000015
444,50,0.7222222222222222,0.015000000000000013
445,50,0.7227227227227228,0.026000000000000023
446,50,0.7232232232232232,0.026000000000000023
447,50,0.7237237237237237,0.029000000000000026
448,50,0.7242242242242243,0.026000000000000023
449,50,0.7247247247247247,0.02300000000000002
450,50,0.7252252252252253,0.010000000000000009
451,50,0.7257257257257257,0.016000000000000014
452,50,0.7262262262262262,0.02100000000000002
453,50,0.7267267267267268,0.027000000000000024
454,50,0.7272272272272272,0.03200000000000003
455,50,0.7277277277277278,0.03300000000000003
456,50,0.7282282282282282,0.027000000000000024
457,50,0.7287287287287287,0.02100000000000002
458,50,0.7292292292292293,0.030000000000000027
459,50,0.7297297297297297,0.030000000000000027
460,50,0.7302302302302303,0.028000000000000025
461,50,0.7307307307307307,0.02200000000000002
462,50,0.7312312312312312,0.025000000000000022
463,50,0.7317317317317318,0.017000000000000015
464,50,0.7322322322322322,0.020000000000000018
465,50,0.7327327327327328,0.025000000000000022
466,50,0.7332332332332332,0.025000000000000022
467,50,0.7337337337337337,0.025000000000000022
468,50,0.7342342342342343,0.028000000000000025
469,50,0.7347347347347347,0.029000000000000026
470,50,0.7352352352352353,0.025000000000000022
471,50,0.7357357357357357,0.020000000000000018
472,50,0.7362362362362362,0.02400000000000002
473,50,0.7367367367367368,0.029000000000000026
474,50,0.7372372372372372,0.031000000000000028
475,50,0.7377377377377378,0.029000000000000026
476,50,0.7382382382382382,0.03400000000000003
477,50,0.7387387387387387,0.03300000000000003
478,50,0.7392392392392393,0.028000000000000025
479,50,0.7397397397397397,0.03500000000000003
480,50,0.7402402402402403,0.038000000000000034
481,50,0.7407407407407407,0.030000000000000027
482,50,0.7412412412412412,0.030000000000000027
483,50,0.7417417417417418,0.03300000000000003
484,50,0.7422422422422422,0.03600000000000003
485,50,0.7427427427427428,0.031000000000000028
486,50,0.7432432432432432,0.028000000000000025
487,50,0.7437437437437437,0.018000000000000016
488,50,0.7442442442442443,0.028000000000000025
489,50,0.7447447447447447,0.028000000000000025
490,50,0.7452452452452453,0.030000000000000027
491,50,0.7457457457457457,0.03500000000000003
492,50,0.7462462462462462,0.039000000000000035
493,50,0.7467467467467468,0.041000000000000036
494,50,0.7472472472472472,0.025000000000000022
495,50,0.7477477477477478,0.03400000000000003
496,50,0.7482482482482482,0.039000000000000035
497,50,0.7487487487487487,0.04500000000000004
498,50,0.7492492492492493,0.041000000000000036
499,50,0.7497497497497497,0.03500000000000003
500,50,0.7502502502502503,0.03700000000000003
501,50,0.7507507507507507,0.030000000000000027
502,50,0.7512512512512513,0.04700000000000004
503,50,0.7517517517517518,0.041000000000000036
504,50,0.7522522522522522,0.03200000000000003
505,50,0.7527527527527528,0.03700000000000003
506,50,0.7532532532532532,0.040000000000000036
507,50,0.7537537537537538,0.040000000000000036
508,50,0.7542542542542543,0.040000000000000036
509,50,0.7547547547547547,0.039000000000000035
510,50,0.7552552552552553,0.039000000000000035
511,50,0.7557557557557557,0.04300000000000004
512,50,0.7562562562562563,0.038000000000000034
513,50,0.7567567567567568,0.03500000000000003
514,50,0.7572572572572572,0.040000000000000036
515,50,0.7577577577577578,0.03200000000000003
516,50,0.7582582582582582,0.039000000000000035
517,50,0.7587587587587588,0.050000000000000044
518,50,0.7592592592592593,0.05600000000000005
519,50,0.7597597597597597,0.04200000000000004
520,50,0.7602602602602603,0.050000000000000044
521,50,0.7607607607607607,0.04400000000000004
522,50,0.7612612612612613,0.040000000000000036
523,50,0.7617617617617618,0.050000000000000044
524,50,0.7622622622622622,0.05500000000000005
525,50,0.7627627627627628,0.04200000000000004
526,50,0.7632632632632632,0.05800000000000005
527,50,0.7637637637637638,0.04300000000000004
528,50,0.7642642642642643,0.051000000000000045
529,50,0.7647647647647647,0.03600000000000003
530,50,0.7652652652652653,0.040000000000000036
531,50,0.7657657657657657,0.04800000000000004
532,50,0.7662662662662663,0.06000000000000005
533,50,0.7667667667667668,0.04700000000000004
534,50,0.7672672672672672,0.04600000000000004
535,50,0.7677677677677678,0.051000000000000045
536,50,0.7682682682682682,0.052000000000000046
537,50,0.7687687687687688,0.04800000000000004
538,50,0.7692692692692693,0.050000000000000044
539,50,0.7697697697697697,0.061000000000000054
540,50,0.7702702702702703,0.04700000000000004
541,50,0.7707707707707707,0.05400000000000005
542,50,0.7712712712712713,0.05800000000000005
543,50,0.7717717717717718,0.05400000000000005
544,50,0.7722722722722722,0.05800000000000005
545,50,0.7727727727727728,0.04800000000000004
546,50,0.7732732732732732,0.04600000000000004
547,50,0.7737737737737738,0.06399999999999995
548,50,0.7742742742742743,0.05300000000000005
549,50,0.7747747747747749,0.05700000000000005
550,50,0.7752752752752753,0.051000000000000045
551,50,0.7757757757757757,0.05800000000000005
552,50,0.7762762762762763,0.05400000000000005
553,50,0.7767767767767768,0.04700000000000004
554,50,0.7772772772772774,0.06000000000000005
555,50,0.7777777777777778,0.061000000000000054
556,50,0.7782782782782782,0.06399999999999995
557,50,0.7787787787787788,0.05400000000000005
558,50,0.7792792792792793,0.04500000000000004
559,50,0.7797797797797799,0.06999999999999995
560,50,0.7802802802802803,0.05300000000000005
561,50,0.7807807807807807,0.05600000000000005
562,50,0.7812812812812813,0.04400000000000004
563,50,0.7817817817817818,0.07499999999999996
564,50,0.7822822822822824,0.06699999999999995
565,50,0.7827827827827828,0.041000000000000036
566,50,0.7832832832832832,0.06499999999999995
567,50,0.7837837837837838,0.06299999999999994
568,50,0.7842842842842843,0.049000000000000044
569,50,0.7847847847847849,0.06299999999999994
570,50,0.7852852852852853,0.05800000000000005
571,50,0.7857857857857857,0.05300000000000005
572,50,0.7862862862862863,0.07499999999999996
573,50,0.7867867867867868,0.05800000000000005
574,50,0.7872872872872874,0.07399999999999995
575,50,0.7877877877877878,0.05800000000000005
576,50,0.7882882882882882,0.06399999999999995
577,50,0.7887887887887888,0.05800000000000005
578,50,0.7892892892892893,0.07999999999999996
579,50,0.7897897897897899,0.05700000000000005
580,50,0.7902902902902903,0.06999999999999995
581,50,0.7907907907907907,0.05500000000000005
582,50,0.7912912912912913,0.09199999999999997
583,50,0.7917917917917918,0.062000000000000055
584,50,0.7922922922922924,0.06899999999999995
585,50,0.7927927927927928,0.06299999999999994
586,50,0.7932932932932932,0.07099999999999995
587,50,0.7937937937937938,0.06899999999999995
588,50,0.7942942942942943,0.07099999999999995
589,50,0.7947947947947949,0.07099999999999995
590,50,0.7952952952952953,0.07699999999999996
591,50,0.7957957957957957,0.08199999999999996
592,50,0.7962962962962963,0.07399999999999995
593,50,0.7967967967967968,0.07399999999999995
594,50,0.7972972972972974,0.08099999999999996
595,50,0.7977977977977978,0.07299999999999995
596,50,0.7982982982982982,0.07499999999999996
597,50,0.7987987987987988,0.05900000000000005
598,50,0.7992992992992993,0.08199999999999996
599,50,0.7997997997997999,0.07999999999999996
600,50,0.8003003003003003,0.08599999999999997
601,50,0.8008008008008007,0.07899999999999996
602,50,0.8013013013013013,0.07099999999999995
603,50,0.8018018018018018,0.07499999999999996
604,50,0.8023023023023024,0.06799999999999995
605,50,0.8028028028028028,0.07999999999999996
606,50,0.8033033033033032,0.08099999999999996
607,50,0.8038038038038038,0.06299999999999994
608,50,0.8043043043043043,0.10499999999999998
609,50,0.8048048048048049,0.09299999999999997
610,50,0.8053053053053053,0.08899999999999997
611,50,0.8058058058058057,0.08599999999999997
612,50,0.8063063063063063,0.09599999999999997
613,50,0.8068068068068068,0.09199999999999997
614,50,0.8073073073073074,0.09599999999999997
615,50,0.8078078078078078,0.07599999999999996
616,50,0.8083083083083082,0.07199999999999995
617,50,0.8088088088088088,0.10399999999999998
618,50,0.8093093093093093,0.08599999999999997
619,50,0.8098098098098099,0.10699999999999998
620,50,0.8103103103103103,0.10299999999999998
621,50,0.8108108108108107,0.07699999999999996
622,50,0.8113113113113113,0.08899999999999997
623,50,0.8118118118118118,0.09699999999999998
624,50,0.8123123123123124,0.09199999999999997
625,50,0.8128128128128128,0.08399999999999996
626,50,0.8133133133133132,0.09699999999999998
627,50,0.8138138138138138,0.09299999999999997
628,50,0.8143143143143143,0.09399999999999997
629,50,0.8148148148148149,0.09299999999999997
630,50,0.8153153153153153,0.11099999999999999
631,50,0.8158158158158157,0.08899999999999997
632,50,0.8163163163163163,0.10499999999999998
633,50,0.8168168168168168,0.08699999999999997
634,50,0.8173173173173174,0.10499999999999998
635,50,0.8178178178178178,0.09699999999999998
636,50,0.8183183183183182,0.09399999999999997
637,50,0.8188188188188188,0.124
638,50,0.8193193193193193,0.10999999999999999
639,50,0.8198198198198199,0.128
640,50,0.8203203203203203,0.08899999999999997
641,50,0.8208208208208208,0.10699999999999998
642,50,0.8213213213213213,0.11399999999999999
643,50,0.8218218218218218,0.10599999999999998
644,50,0.8223223223223224,0.09099999999999997
645,50,0.8228228228228228,0.118
646,50,0.8233233233233233,0.11399999999999999
647,50,0.8238238238238238,0.10999999999999999
648,50,0.8243243243243243,0.09499999999999997
649,50,0.8248248248248249,0.11399999999999999
650,50,0.8253253253253253,0.10699999999999998
651,50,0.8258258258258258,0.123
652,50,0.8263263263263263,0.119
653,50,0.8268268268268268,0.11199999999999999
654,50,0.8273273273273274,0.132
655,50,0.8278278278278278,0.128
656,50,0.8283283283283283,0.10599999999999998
657,50,0.8288288288288288,0.11499999999999999
658,50,0.8293293293293293,0.11399999999999999
659,50,0.8298298298298299,0.124
660,50,0.8303303303303303,0.13
661,50,0.8308308308308308,0.11099999999999999
662,50,0.8313313313313313,0.121
663,50,0.8318318318318318,0.123
664,50,0.8323323323323324,0.124
665,50,0.8328328328328328,0.12
666,50,0.8333333333333333,0.11299999999999999
667,50,0.8338338338338338,0.123
668,50,0.8343343343343343,0.11199999999999999
669,50,0.8348348348348349,0.139
670,50,0.8353353353353353,0.122
671,50,0.8358358358358358,0.128
672,50,0.8363363363363363,0.124
673,50,0.8368368368368369,0.16800000000000004
674,50,0.8373373373373374,0.14700000000000002
675,50,0.8378378378378378,0.14500000000000002
676,50,0.8383383383383383,0.139
677,50,0.8388388388388388,0.11399999999999999
678,50,0.8393393393393394,0.124
679,50,0.8398398398398399,0.14600000000000002
680,50,0.8403403403403403,0.119
681,50,0.8408408408408408,0.15200000000000002
682,50,0.8413413413413413,0.118
683,50,0.8418418418418419,0.128
684,50,0.8423423423423424,0.15600000000000003
685,50,0.8428428428428428,0.15400000000000003
686,50,0.8433433433433433,0.137
687,50,0.8438438438438438,0.14
688,50,0.8443443443443444,0.137
689,50,0.8448448448448449,0.121
690,50,0.8453453453453453,0.138
691,50,0.8458458458458458,0.15700000000000003
692,50,0.8463463463463463,0.14900000000000002
693,50,0.8468468468468469,0.17000000000000004
694,50,0.8473473473473474,0.129
695,50,0.8478478478478478,0.14400000000000002
696,50,0.8483483483483483,0.14900000000000002
697,50,0.8488488488488488,0.129
698,50,0.8493493493493494,0.16500000000000004
699,50,0.8498498498498499,0.16100000000000003
700,50,0.8503503503503503,0.17800000000000005
701,50,0.8508508508508508,0.17700000000000005
702,50,0.8513513513513513,0.15900000000000003
703,50,0.8518518518518519,0.139
704,50,0.8523523523523524,0.16400000000000003
705,50,0.8528528528528528,0.15800000000000003
706,50,0.8533533533533533,0.16700000000000004
707,50,0.8538538538538538,0.15500000000000003
708,50,0.8543543543543544,0.15500000000000003
709,50,0.8548548548548549,0.17100000000000004
710,50,0.8553553553553553,0.15200000000000002
711,50,0.8558558558558558,0.15600000000000003
712,50,0.8563563563563563,0.16600000000000004
713,50,0.8568568568568569,0.16700000000000004
714,50,0.8573573573573574,0.137
715,50,0.8578578578578578,0.16400000000000003
716,50,0.8583583583583583,0.17900000000000005
717,50,0.8588588588588588,0.18899999999999995
718,50,0.8593593593593594,0.16700000000000004
719,50,0.8598598598598599,0.18300000000000005
720,50,0.8603603603603603,0.16900000000000004
721,50,0.8608608608608608,0.18200000000000005
722,50,0.8613613613613613,0.18100000000000005
723,50,0.8618618618618619,0.18400000000000005
724,50,0.8623623623623624,0.18200000000000005
725,50,0.8628628628628628,0.18799999999999994
726,50,0.8633633633633633,0.18000000000000005
727,50,0.8638638638638638,0.19399999999999995
728,50,0.8643643643643644,0.18200000000000005
729,50,0.8648648648648649,0.19699999999999995
730,50,0.8653653653653653,0.18799999999999994
731,50,0.8658658658658658,0.18999999999999995
732,50,0.8663663663663663,0.19099999999999995
733,50,0.8668668668668669,0.21099999999999997
734,50,0.8673673673673674,0.20799999999999996
735,50,0.8678678678678678,0.21299999999999997
736,50,0.8683683683683684,0.20299999999999996
737,50,0.8688688688688688,0.19899999999999995
738,50,0.8693693693693694,0.20299999999999996
739,50,0.8698698698698699,0.20399999999999996
740,50,0.8703703703703703,0.18000000000000005
741,50,0.8708708708708709,0.20399999999999996
742,50,0.8713713713713713,0.21799999999999997
743,50,0.8718718718718719,0.20399999999999996
744,50,0.8723723723723724,0.20799999999999996
745,50,0.8728728728728729,0.20499999999999996
746,50,0.8733733733733734,0.20099999999999996
747,50,0.8738738738738738,0.22199999999999998
748,50,0.8743743743743744,0.21899999999999997
749,50,0.8748748748748749,0.20299999999999996
750,50,0.8753753753753754,0.18999999999999995
751,50,0.8758758758758759,0.24
752,50,0.8763763763763763,0.21799999999999997
753,50,0.8768768768768769,0.19699999999999995
754,50,0.8773773773773774,0.20999999999999996
755,50,0.8778778778778779,0.21999999999999997
756,50,0.8783783783783784,0.22799999999999998
757,50,0.8788788788788788,0.20099999999999996
758,50,0.8793793793793794,0.23199999999999998
759,50,0.8798798798798799,0.21399999999999997
760,50,0.8803803803803804,0.22299999999999998
761,50,0.8808808808808809,0.236
762,50,0.8813813813813813,0.20499999999999996
763,50,0.8818818818818819,0.241
764,50,0.8823823823823824,0.21899999999999997
765,50,0.8828828828828829,0.248
766,50,0.8833833833833834,0.23199999999999998
767,50,0.8838838838838838,0.236
768,50,0.8843843843843844,0.245
769,50,0.8848848848848849,0.23299999999999998
770,50,0.8853853853853854,0.22299999999999998
771,50,0.8858858858858859,0.272
772,50,0.8863863863863863,0.243
773,50,0.8868868868868869,0.246
774,50,0.8873873873873874,0.23099999999999998
775,50,0.8878878878878879,0.257
776,50,0.8883883883883884,0.241
777,50,0.8888888888888888,0.22699999999999998
778,50,0.8893893893893894,0.251
779,50,0.8898898898898899,0.251
780,50,0.8903903903903904,0.248
781,50,0.8908908908908909,0.272
782,50,0.8913913913913913,0.263
783,50,0.8918918918918919,0.268
784,50,0.8923923923923924,0.261
785,50,0.8928928928928929,0.28200000000000003
786,50,0.8933933933933934,0.276
787,50,0.8938938938938938,0.28300000000000003
788,50,0.8943943943943944,0.269
789,50,0.8948948948948949,0.28300000000000003
790,50,0.8953953953953954,0.278
791,50,0.8958958958958959,0.28500000000000003
792,50,0.8963963963963963,0.28
793,50,0.8968968968968969,0.28800000000000003
794,50,0.8973973973973974,0.271
795,50,0.8978978978978979,0.30200000000000005
796,50,0.8983983983983984,0.29900000000000004
797,50,0.8988988988988988,0.31000000000000005
798,50,0.8993993993993994,0.276
799,50,0.8998998998998999,0.28500000000000003
800,50,0.9004004004004004,0.28600000000000003
801,50,0.9009009009009009,0.275
802,50,0.9014014014014013,0.29900000000000004
803,50,0.9019019019019019,0.29600000000000004
804,50,0.9024024024024024,0.30100000000000005
805,50,0.902902902902903,0.31200000000000006
806,50,0.9034034034034034,0.29200000000000004
807,50,0.9039039039039038,0.30900000000000005
808,50,0.9044044044044044,0.32899999999999996
809,50,0.9049049049049049,0.29900000000000004
810,50,0.9054054054054055,0.28400000000000003
811,50,0.9059059059059059,0.32499999999999996
812,50,0.9064064064064064,0.28900000000000003
813,50,0.9069069069069069,0.32699999999999996
814,50,0.9074074074074074,0.32399999999999995
815,50,0.907907907907908,0.28800000000000003
816,50,0.9084084084084084,0.32399999999999995
817,50,0.9089089089089089,0.31999999999999995
818,50,0.9094094094094094,0.32299999999999995
819,50,0.9099099099099099,0.33099999999999996
820,50,0.9104104104104105,0.33299999999999996
821,50,0.9109109109109109,0.32899999999999996
822,50,0.9114114114114114,0.368
823,50,0.9119119119119119,0.352
824,50,0.9124124124124124,0.31200000000000006
825,50,0.912912912912913,0.349
826,50,0.9134134134134134,0.34199999999999997
827,50,0.9139139139139139,0.33399999999999996
828,50,0.9144144144144144,0.349
829,50,0.914914914914915,0.348
830,50,0.9154154154154155,0.361
831,50,0.9159159159159159,0.351
832,50,0.9164164164164164,0.31699999999999995
833,50,0.9169169169169169,0.33899999999999997
834,50,0.9174174174174174,0.369
835,50,0.917917917917918,0.349
836,50,0.9184184184184184,0.35
837,50,0.9189189189189189,0.363
838,50,0.9194194194194194,0.375
839,50,0.91991991991992,0.387
840,50,0.9204204204204205,0.369
841,50,0.9209209209209209,0.344
842,50,0.9214214214214214,0.357
843,50,0.9219219219219219,0.399
844,50,0.9224224224224224,0.41600000000000004
845,50,0.922922922922923,0.39
846,50,0.9234234234234234,0.374
847,50,0.9239239239239239,0.396
848,50,0.9244244244244244,0.387
849,50,0.924924924924925,0.41600000000000004
850,50,0.9254254254254255,0.381
851,50,0.9259259259259259,0.389
852,50,0.9264264264264264,0.41700000000000004
853,50,0.9269269269269269,0.39
854,50,0.9274274274274275,0.386
855,50,0.927927927927928,0.395
856,50,0.9284284284284284,0.44599999999999995
857,50,0.9289289289289289,0.42500000000000004
858,50,0.9294294294294294,0.388
859,50,0.92992992992993,0.405
860,50,0.9304304304304305,0.42800000000000005
861,50,0.9309309309309309,0.40800000000000003
862,50,0.9314314314314314,0.396
863,50,0.9319319319319319,0.402
864,50,0.9324324324324325,0.401
865,50,0.932932932932933,0.43000000000000005
866,50,0.9334334334334334,0.43300000000000005
867,50,0.9339339339339339,0.43000000000000005
868,50,0.9344344344344344,0.44899999999999995
869,50,0.934934934934935,0.43100000000000005
870,50,0.9354354354354355,0.42000000000000004
871,50,0.9359359359359359,0.44699999999999995
872,50,0.9364364364364364,0.44399999999999995
873,50,0.9369369369369369,0.44799999999999995
874,50,0.9374374374374375,0.45499999999999996
875,50,0.937937937937938,0.45899999999999996
876,50,0.9384384384384384,0.43700000000000006
877,50,0.9389389389389389,0.45299999999999996
878,50,0.9394394394394394,0.46499999999999997
879,50,0.93993993993994,0.46199999999999997
880,50,0.9404404404404405,0.46599999999999997
881,50,0.9409409409409409,0.47
882,50,0.9414414414414414,0.473
883,50,0.9419419419419419,0.48
884,50,0.9424424424424425,0.46799999999999997
885,50,0.942942942942943,0.488
886,50,0.9434434434434434,0.511
887,50,0.9439439439439439,0.506
888,50,0.9444444444444444,0.493
889,50,0.944944944944945,0.509
890,50,0.9454454454454455,0.476
891,50,0.9459459459459459,0.499
892,50,0.9464464464464464,0.488
893,50,0.9469469469469469,0.511
894,50,0.9474474474474475,0.512
895,50,0.947947947947948,0.521
896,50,0.9484484484484484,0.52
897,50,0.9489489489489489,0.476
898,50,0.9494494494494494,0.509
899,50,0.94994994994995,0.5529999999999999
900,50,0.9504504504504505,0.513
901,50,0.950950950950951,0.5740000000000001
902,50,0.9514514514514514,0.52
903,50,0.9519519519519519,0.5740000000000001
904,50,0.9524524524524525,0.5329999999999999
905,50,0.952952952952953,0.532
906,50,0.9534534534534534,0.562
907,50,0.9539539539539539,0.569
908,50,0.9544544544544544,0.516
909,50,0.954954954954955,0.5720000000000001
910,50,0.9554554554554555,0.577
911,50,0.955955955955956,0.565
912,50,0.9564564564564564,0.5780000000000001
913,50,0.9569569569569569,0.55
914,50,0.9574574574574575,0.5900000000000001
915,50,0.957957957957958,0.602
916,50,0.9584584584584585,0.565
917,50,0.9589589589589589,0.604
918,50,0.9594594594594594,0.585
919,50,0.95995995995996,0.5860000000000001
920,50,0.9604604604604605,0.606
921,50,0.960960960960961,0.607
922,50,0.9614614614614614,0.617
923,50,0.9619619619619619,0.642
924,50,0.9624624624624625,0.589
925,50,0.962962962962963,0.615
926,50,0.9634634634634635,0.591
927,50,0.9639639639639639,0.619
928,50,0.9644644644644644,0.6579999999999999
929,50,0.964964964964965,0.638
930,50,0.9654654654654655,0.64
931,50,0.965965965965966,0.625
932,50,0.9664664664664664,0.654
933,50,0.9669669669669669,0.669
934,50,0.9674674674674675,0.6619999999999999
935,50,0.967967967967968,0.6619999999999999
936,50,0.9684684684684685,0.647
937,50,0.9689689689689689,0.6699999999999999
938,50,0.9694694694694694,0.652
939,50,0.96996996996997,0.652
940,50,0.9704704704704705,0.685
941,50,0.970970970970971,0.645
942,50,0.9714714714714714,0.673
943,50,0.9719719719719719,0.6619999999999999
944,50,0.9724724724724725,0.6990000000000001
945,50,0.972972972972973,0.6819999999999999
946,50,0.9734734734734735,0.7070000000000001
947,50,0.9739739739739739,0.692
948,50,0.9744744744744744,0.696
949,50,0.974974974974975,0.745
950,50,0.9754754754754755,0.714
951,50,0.975975975975976,0.7070000000000001
952,50,0.9764764764764764,0.72
953,50,0.9769769769769769,0.735
954,50,0.9774774774774775,0.741
955,50,0.977977977977978,0.737
956,50,0.9784784784784785,0.743
957,50,0.9789789789789789,0.763
958,50,0.9794794794794794,0.75
959,50,0.97997997997998,0.755
960,50,0.9804804804804805,0.744
961,50,0.980980980980981,0.751
962,50,0.9814814814814814,0.766
963,50,0.9819819819819819,0.772
964,50,0.9824824824824825,0.785
965,50,0.982982982982983,0.78
966,50,0.9834834834834835,0.771
967,50,0.9839839839839839,0.8160000000000001
968,50,0.9844844844844844,0.793
969,50,0.984984984984985,0.798
970,50,0.9854854854854855,0.796
971,50,0.985985985985986,0.815
972,50,0.9864864864864864,0.8160000000000001
973,50,0.986986986986987,0.817
974,50,0.9874874874874875,0.837
975,50,0.987987987987988,0.832
976,50,0.9884884884884885,0.8260000000000001
977,50,0.9889889889889889,0.85
978,50,0.9894894894894894,0.846
979,50,0.98998998998999,0.841
980,50,0.9904904904904905,0.852
981,50,0.990990990990991,0.872
982,50,0.9914914914914914,0.881
983,50,0.991991991991992,0.878
984,50,0.9924924924924925,0.906
985,50,0.992992992992993,0.877
986,50,0.9934934934934935,0.91
987,50,0.9939939939939939,0.911
988,50,0.9944944944944945,0.918
989,50,0.994994994994995,0.917
990,50,0.9954954954954955,0.938
991,50,0.995995995995996,0.942
992,50,0.9964964964964965,0.947
993,50,0.996996996996997,0.953
994,50,0.9974974974974975,0.972
995,50,0.997997997997998,0.973
996,50,0.9984984984984985,0.977
997,50,0.998998998998999,0.976
998,50,0.9994994994994995,0.989
999,50,1.0,1.0
1000,100,0.5,0.0
1001,100,0.5005005005005005,0.0
1002,100,0.501001001001001,0.0
1003,100,0.5015015015015015,0.0
1004,100,0.502002002002002,0.0
1005,100,0.5025025025025025,0.0
1006,100,0.503003003003003,0.0
1007,100,0.5035035035035035,0.0
1008,100,0.504004004004004,0.0
1009,100,0.5045045045045045,0.0
1010,100,0.505005005005005,0.0
1011,100,0.5055055055055055,0.0
1012,100,0.506006006006006,0.0
1013,100,0.5065065065065065,0.0
1014,100,0.507007007007007,0.0
1015,100,0.5075075075075075,0.0
1016,100,0.508008008008008,0.0
1017,100,0.5085085085085085,0.0
1018,100,0.509009009009009,0.0
1019,100,0.5095095095095095,0.0
1020,100,0.51001001001001,0.0
1021,100,0.5105105105105106,0.0
1022,100,0.511011011011011,0.0
1023,100,0.5115115115115115,0.0
1024,100,0.512012012012012,0.0
1025,100,0.5125125125125125,0.0
1026,100,0.513013013013013,0.0
1027,100,0.5135135135135135,0.0
1028,100,0.514014014014014,0.0
1029,100,0.5145145145145145,0.0
1030,100,0.515015015015015,0.0
1031,100,0.5155155155155156,0.0
1032,100,0.516016016016016,0.0
1033,100,0.5165165165165165,0.0
1034,100,0.517017017017017,0.0
1035,100,0.5175175175175175,0.0
1036,100,0.5180180180180181,0.0
1037,100,0.5185185185185185,0.0
1038,100,0.519019019019019,0.0
1039,100,0.5195195195195195,0.0
1040,100,0.52002002002002,0.0
1041,100,0.5205205205205206,0.0
1042,100,0.521021021021021,0.0
1043,100,0.5215215215215215,0.0
1044,100,0.522022022022022,0.0
1045,100,0.5225225225225225,0.0
1046,100,0.5230230230230231,0.0
1047,100,0.5235235235235235,0.0
1048,100,0.524024024024024,0.0
1049,100,0.5245245245245245,0.0
1050,100,0.525025025025025,0.0
1051,100,0.5255255255255256,0.0
1052,100,0.526026026026026,0.0
1053,100,0.5265265265265265,0.0
1054,100,0.527027027027027,0.0
1055,100,0.5275275275275275,0.0
1056,100,0.5280280280280281,0.0
1057,100,0.5285285285285285,0.0
1058,100,0.529029029029029,0.0
1059,100,0.5295295295295295,0.0
1060,100,0.53003003003003,0.0
1061,100,0.5305305305305306,0.0
1062,100,0.531031031031031,0.0
1063,100,0.5315315315315315,0.0
1064,100,0.532032032032032,0.0
1065,100,0.5325325325325325,0.0
1066,100,0.5330330330330331,0.0
1067,100,0.5335335335335335,0.0
1068,100,0.534034034034034,0.0
1069,100,0.5345345345345345,0.0
1070,100,0.535035035035035,0.0
1071,100,0.5355355355355356,0.0
1072,100,0.536036036036036,0.0
1073,100,0.5365365365365365,0.0
1074,100,0.537037037037037,0.0
1075,100,0.5375375375375375,0.0
1076,100,0.5380380380380381,0.0
1077,100,0.5385385385385385,0.0
1078,100,0.539039039039039,0.0
1079,100,0.5395395395395395,0.0010000000000000009
1080,100,0.54004004004004,0.0
1081,100,0.5405405405405406,0.0
1082,100,0.541041041041041,0.0
1083,100,0.5415415415415415,0.0
1084,100,0.542042042042042,0.0
1085,100,0.5425425425425425,0.0
1086,100,0.5430430430430431,0.0
1087,100,0.5435435435435435,0.0
1088,100,0.544044044044044,0.0
1089,100,0.5445445445445446,0.0
1090,100,0.545045045045045,0.0
1091,100,0.5455455455455456,0.0
1092,100,0.546046046046046,0.0
1093,100,0.5465465465465466,0.0
1094,100,0.5470470470470471,0.0
1095,100,0.5475475475475475,0.0
1096,100,0.5480480480480481,0.0
1097,100,0.5485485485485485,0.0
1098,100,0.549049049049049,0.0
1099,100,0.5495495495495496,0.0
1100,100,0.55005005005005,0.0
1101,100,0.5505505505505506,0.0
1102,100,0.551051051051051,0.0
1103,100,0.5515515515515516,0.0
1104,100,0.5520520520520521,0.0
1105,100,0.5525525525525525,0.0
1106,100,0.5530530530530531,0.0
1107,100,0.5535535535535535,0.0
1108,100,0.5540540540540541,0.0
1109,100,0.5545545545545546,0.0
1110,100,0.555055055055055,0.0
1111,100,0.5555555555555556,0.0
1112,100,0.556056056056056,0.0
1113,100,0.5565565565565566,0.0
1114,100,0.5570570570570571,0.0010000000000000009
1115,100,0.5575575575575575,0.0
1116,100,0.5580580580580581,0.0
1117,100,0.5585585585585585,0.0
1118,100,0.5590590590590591,0.0
1119,100,0.5595595595595596,0.0
1120,100,0.56006006006006,0.0
1121,100,0.5605605605605606,0.0
1122,100,0.561061061061061,0.0
1123,100,0.5615615615615616,0.0
1124,100,0.5620620620620621,0.0
1125,100,0.5625625625625625,0.0
1126,100,0.5630630630630631,0.0
1127,100,0.5635635635635635,0.0
1128,100,0.5640640640640641,0.0
1129,100,0.5645645645645646,0.0
1130,100,0.565065065065065,0.0
1131,100,0.5655655655655656,0.0
1132,100,0.566066066066066,0.0
1133,100,0.5665665665665666,0.0
1134,100,0.5670670670670671,0.0
1135,100,0.5675675675675675,0.0
1136,100,0.5680680680680681,0.0
1137,100,0.5685685685685685,0.0
1138,100,0.5690690690690691,0.0
1139,100,0.5695695695695696,0.0
1140,100,0.57007007007007,0.0
1141,100,0.5705705705705706,0.0
1142,100,0.571071071071071,0.0
1143,100,0.5715715715715716,0.0
1144,100,0.5720720720720721,0.0
1145,100,0.5725725725725725,0.0
1146,100,0.5730730730730731,0.0
1147,100,0.5735735735735735,0.0
1148,100,0.5740740740740741,0.0
1149,100,0.5745745745745746,0.0
1150,100,0.575075075075075,0.0
1151,100,0.5755755755755756,0.0
1152,100,0.5760760760760761,0.0
1153,100,0.5765765765765766,0.0010000000000000009
1154,100,0.5770770770770771,0.0
1155,100,0.5775775775775776,0.0
1156,100,0.5780780780780781,0.0
1157,100,0.5785785785785786,0.0
1158,100,0.5790790790790791,0.0
1159,100,0.5795795795795796,0.0
1160,100,0.58008008008008,0.0
1161,100,0.5805805805805806,0.0
1162,100,0.5810810810810811,0.0
1163,100,0.5815815815815816,0.0
1164,100,0.5820820820820821,0.0
1165,100,0.5825825825825826,0.0
1166,100,0.5830830830830831,0.0
1167,100,0.5835835835835836,0.0
1168,100,0.5840840840840841,0.0
1169,100,0.5845845845845846,0.0
1170,100,0.585085085085085,0.0010000000000000009
1171,100,0.5855855855855856,0.0
1172,100,0.5860860860860861,0.0
1173,100,0.5865865865865866,0.0
1174,100,0.5870870870870871,0.0010000000000000009
1175,100,0.5875875875875876,0.0
1176,100,0.5880880880880881,0.0
1177,100,0.5885885885885886,0.0
1178,100,0.5890890890890891,0.0
1179,100,0.5895895895895896,0.0
1180,100,0.5900900900900901,0.0010000000000000009
1181,100,0.5905905905905906,0.0
1182,100,0.5910910910910911,0.0
1183,100,0.5915915915915916,0.0
1184,100,0.5920920920920921,0.0
1185,100,0.5925925925925926,0.0
1186,100,0.5930930930930931,0.0
1187,100,0.5935935935935936,0.0
1188,100,0.5940940940940941,0.0
1189,100,0.5945945945945946,0.0
1190,100,0.5950950950950951,0.0
1191,100,0.5955955955955956,0.0010000000000000009
1192,100,0.5960960960960962,0.0010000000000000009
1193,100,0.5965965965965966,0.0
1194,100,0.5970970970970971,0.0010000000000000009
1195,100,0.5975975975975976,0.0
1196,100,0.5980980980980981,0.0
1197,100,0.5985985985985987,0.0
1198,100,0.5990990990990991,0.0
1199,100,0.5995995995995996,0.0
1200,100,0.6001001001001001,0.0
1201,100,0.6006006006006006,0.0
1202,100,0.6011011011011012,0.0
1203,100,0.6016016016016016,0.0
1204,100,0.6021021021021021,0.0
1205,100,0.6026026026026026,0.0
1206,100,0.6031031031031031,0.0010000000000000009
1207,100,0.6036036036036037,0.0
1208,100,0.6041041041041041,0.0
1209,100,0.6046046046046046,0.0
1210,100,0.6051051051051051,0.0
1211,100,0.6056056056056056,0.0
1212,100,0.6061061061061062,0.0010000000000000009
1213,100,0.6066066066066066,0.0
1214,100,0.6071071071071071,0.0010000000000000009
1215,100,0.6076076076076076,0.0
1216,100,0.6081081081081081,0.0
1217,100,0.6086086086086087,0.0
1218,100,0.6091091091091091,0.0
1219,100,0.6096096096096096,0.0
1220,100,0.6101101101101101,0.0
1221,100,0.6106106106106106,0.0
1222,100,0.6111111111111112,0.0010000000000000009
1223,100,0.6116116116116116,0.0
1224,100,0.6121121121121121,0.0
1225,100,0.6126126126126126,0.0020000000000000018
1226,100,0.6131131131131131,0.0010000000000000009
1227,100,0.6136136136136137,0.0
1228,100,0.6141141141141141,0.0
1229,100,0.6146146146146146,0.0
1230,100,0.6151151151151151,0.0
1231,100,0.6156156156156156,0.0
1232,100,0.6161161161161162,0.0010000000000000009
1233,100,0.6166166166166166,0.0
1234,100,0.6171171171171171,0.0
1235,100,0.6176176176176176,0.0010000000000000009
1236,100,0.6181181181181181,0.0010000000000000009
1237,100,0.6186186186186187,0.0
1238,100,0.6191191191191191,0.0010000000000000009
1239,100,0.6196196196196196,0.0010000000000000009
1240,100,0.6201201201201201,0.0
1241,100,0.6206206206206206,0.0020000000000000018
1242,100,0.6211211211211212,0.0010000000000000009
1243,100,0.6216216216216216,0.0010000000000000009
1244,100,0.6221221221221221,0.0020000000000000018
1245,100,0.6226226226226226,0.0020000000000000018
1246,100,0.6231231231231231,0.0010000000000000009
1247,100,0.6236236236236237,0.0
1248,100,0.6241241241241241,0.0010000000000000009
1249,100,0.6246246246246246,0.0
1250,100,0.6251251251251251,0.0
1251,100,0.6256256256256256,0.0
1252,100,0.6261261261261262,0.0010000000000000009
1253,100,0.6266266266266266,0.0
1254,100,0.6271271271271271,0.0010000000000000009
1255,100,0.6276276276276276,0.0020000000000000018
1256,100,0.6281281281281281,0.0010000000000000009
1257,100,0.6286286286286287,0.0
1258,100,0.6291291291291291,0.0020000000000000018
1259,100,0.6296296296296297,0.0020000000000000018
1260,100,0.6301301301301301,0.0
1261,100,0.6306306306306306,0.0
1262,100,0.6311311311311312,0.0010000000000000009
1263,100,0.6316316316316316,0.0010000000000000009
1264,100,0.6321321321321322,0.0
1265,100,0.6326326326326326,0.0
1266,100,0.6331331331331331,0.0
1267,100,0.6336336336336337,0.0020000000000000018
1268,100,0.6341341341341341,0.0010000000000000009
1269,100,0.6346346346346347,0.0020000000000000018
1270,100,0.6351351351351351,0.0030000000000000027
1271,100,0.6356356356356356,0.0
1272,100,0.6361361361361362,0.0020000000000000018
1273,100,0.6366366366366366,0.0010000000000000009
1274,100,0.6371371371371372,0.0
1275,100,0.6376376376376376,0.0
1276,100,0.6381381381381381,0.0
1277,100,0.6386386386386387,0.0020000000000000018
1278,100,0.6391391391391391,0.0
1279,100,0.6396396396396397,0.0010000000000000009
1280,100,0.6401401401401401,0.0020000000000000018
1281,100,0.6406406406406406,0.0010000000000000009
1282,100,0.6411411411411412,0.0020000000000000018
1283,100,0.6416416416416416,0.0010000000000000009
1284,100,0.6421421421421422,0.0010000000000000009
1285,100,0.6426426426426426,0.0020000000000000018
1286,100,0.6431431431431431,0.0
1287,100,0.6436436436436437,0.0
1288,100,0.6441441441441441,0.0
1289,100,0.6446446446446447,0.0010000000000000009
1290,100,0.6451451451451451,0.0
1291,100,0.6456456456456456,0.0010000000000000009
1292,100,0.6461461461461462,0.0030000000000000027
1293,100,0.6466466466466466,0.0020000000000000018
1294,100,0.6471471471471472,0.0
1295,100,0.6476476476476476,0.0030000000000000027
1296,100,0.6481481481481481,0.0
1297,100,0.6486486486486487,0.0
1298,100,0.6491491491491491,0.0010000000000000009
1299,100,0.6496496496496497,0.0030000000000000027
1300,100,0.6501501501501501,0.0
1301,100,0.6506506506506506,0.0010000000000000009
1302,100,0.6511511511511512,0.0010000000000000009
1303,100,0.6516516516516516,0.0020000000000000018
1304,100,0.6521521521521522,0.0020000000000000018
1305,100,0.6526526526526526,0.0030000000000000027
1306,100,0.6531531531531531,0.0020000000000000018
1307,100,0.6536536536536537,0.0050000000000000044
1308,100,0.6541541541541541,0.0020000000000000018
1309,100,0.6546546546546547,0.0020000000000000018
1310,100,0.6551551551551551,0.0020000000000000018
1311,100,0.6556556556556556,0.0010000000000000009
1312,100,0.6561561561561562,0.0020000000000000018
1313,100,0.6566566566566566,0.0
1314,100,0.6571571571571572,0.0
1315,100,0.6576576576576576,0.0040000000000000036
1316,100,0.6581581581581581,0.0020000000000000018
1317,100,0.6586586586586587,0.0010000000000000009
1318,100,0.6591591591591591,0.0020000000000000018
1319,100,0.6596596596596597,0.0010000000000000009
1320,100,0.6601601601601601,0.0010000000000000009
1321,100,0.6606606606606606,0.0040000000000000036
1322,100,0.6611611611611612,0.0
1323,100,0.6616616616616616,0.0010000000000000009
1324,100,0.6621621621621622,0.0010000000000000009
1325,100,0.6626626626626626,0.0050000000000000044
1326,100,0.6631631631631631,0.0
1327,100,0.6636636636636637,0.0010000000000000009
1328,100,0.6641641641641641,0.0040000000000000036
1329,100,0.6646646646646647,0.0020000000000000018
1330,100,0.6651651651651651,0.0040000000000000036
1331,100,0.6656656656656657,0.0
1332,100,0.6661661661661662,0.0020000000000000018
1333,100,0.6666666666666666,0.0020000000000000018
1334,100,0.6671671671671672,0.0040000000000000036
1335,100,0.6676676676676676,0.0020000000000000018
1336,100,0.6681681681681682,0.0020000000000000018
1337,100,0.6686686686686687,0.0030000000000000027
1338,100,0.6691691691691691,0.0010000000000000009
1339,100,0.6696696696696697,0.0010000000000000009
1340,100,0.6701701701701701,0.0010000000000000009
1341,100,0.6706706706706707,0.0010000000000000009
1342,100,0.6711711711711712,0.0020000000000000018
1343,100,0.6716716716716716,0.0020000000000000018
1344,100,0.6721721721721722,0.0020000000000000018
1345,100,0.6726726726726726,0.0010000000000000009
1346,100,0.6731731731731732,0.0
1347,100,0.6736736736736737,0.0040000000000000036
1348,100,0.6741741741741741,0.0
1349,100,0.6746746746746747,0.0030000000000000027
1350,100,0.6751751751751751,0.0040000000000000036
1351,100,0.6756756756756757,0.0040000000000000036
1352,100,0.6761761761761762,0.0040000000000000036
1353,100,0.6766766766766766,0.0030000000000000027
1354,100,0.6771771771771772,0.0010000000000000009
1355,100,0.6776776776776776,0.0010000000000000009
1356,100,0.6781781781781782,0.0030000000000000027
1357,100,0.6786786786786787,0.0010000000000000009
1358,100,0.6791791791791791,0.0010000000000000009
1359,100,0.6796796796796797,0.0010000000000000009
1360,100,0.6801801801801801,0.0030000000000000027
1361,100,0.6806806806806807,0.0040000000000000036
1362,100,0.6811811811811812,0.0020000000000000018
1363,100,0.6816816816816816,0.0020000000000000018
1364,100,0.6821821821821822,0.0030000000000000027
1365,100,0.6826826826826826,0.0040000000000000036
1366,100,0.6831831831831832,0.0020000000000000018
1367,100,0.6836836836836837,0.0030000000000000027
1368,100,0.6841841841841843,0.0040000000000000036
1369,100,0.6846846846846847,0.0040000000000000036
1370,100,0.6851851851851851,0.0040000000000000036
1371,100,0.6856856856856857,0.0030000000000000027
1372,100,0.6861861861861862,0.0050000000000000044
1373,100,0.6866866866866868,0.0050000000000000044
1374,100,0.6871871871871872,0.006000000000000005
1375,100,0.6876876876876876,0.0030000000000000027
1376,100,0.6881881881881882,0.0010000000000000009
1377,100,0.6886886886886887,0.0040000000000000036
1378,100,0.6891891891891893,0.0040000000000000036
1379,100,0.6896896896896897,0.0050000000000000044
1380,100,0.6901901901901901,0.0010000000000000009
1381,100,0.6906906906906907,0.0030000000000000027
1382,100,0.6911911911911912,0.0040000000000000036
1383,100,0.6916916916916918,0.0030000000000000027
1384,100,0.6921921921921922,0.0050000000000000044
1385,100,0.6926926926926926,0.0040000000000000036
1386,100,0.6931931931931932,0.0040000000000000036
1387,100,0.6936936936936937,0.0030000000000000027
1388,100,0.6941941941941943,0.0040000000000000036
1389,100,0.6946946946946947,0.0050000000000000044
1390,100,0.6951951951951951,0.006000000000000005
1391,100,0.6956956956956957,0.0020000000000000018
1392,100,0.6961961961961962,0.006000000000000005
1393,100,0.6966966966966968,0.0040000000000000036
1394,100,0.6971971971971972,0.0040000000000000036
1395,100,0.6976976976976976,0.0050000000000000044
1396,100,0.6981981981981982,0.0040000000000000036
1397,100,0.6986986986986987,0.007000000000000006
1398,100,0.6991991991991993,0.0040000000000000036
1399,100,0.6996996996996997,0.0030000000000000027
1400,100,0.7002002002002001,0.007000000000000006
1401,100,0.7007007007007007,0.008000000000000007
1402,100,0.7012012012012012,0.007000000000000006
1403,100,0.7017017017017018,0.0050000000000000044
1404,100,0.7022022022022022,0.006000000000000005
1405,100,0.7027027027027027,0.007000000000000006
1406,100,0.7032032032032032,0.0040000000000000036
1407,100,0.7037037037037037,0.006000000000000005
1408,100,0.7042042042042043,0.0040000000000000036
1409,100,0.7047047047047047,0.0030000000000000027
1410,100,0.7052052052052052,0.0030000000000000027
1411,100,0.7057057057057057,0.008000000000000007
1412,100,0.7062062062062062,0.0030000000000000027
1413,100,0.7067067067067068,0.010000000000000009
1414,100,0.7072072072072072,0.009000000000000008
1415,100,0.7077077077077077,0.008000000000000007
1416,100,0.7082082082082082,0.008000000000000007
1417,100,0.7087087087087087,0.006000000000000005
1418,100,0.7092092092092093,0.008000000000000007
1419,100,0.7097097097097097,0.010000000000000009
1420,100,0.7102102102102102,0.0050000000000000044
1421,100,0.7107107107107107,0.008000000000000007
1422,100,0.7112112112112112,0.0050000000000000044
1423,100,0.7117117117117118,0.0050000000000000044
1424,100,0.7122122122122122,0.01100000000000001
1425,100,0.7127127127127127,0.009000000000000008
1426,100,0.7132132132132132,0.0040000000000000036
1427,100,0.7137137137137137,0.008000000000000007
1428,100,0.7142142142142143,0.006000000000000005
1429,100,0.7147147147147147,0.009000000000000008
1430,100,0.7152152152152152,0.008000000000000007
1431,100,0.7157157157157157,0.008000000000000007
1432,100,0.7162162162162162,0.0050000000000000044
1433,100,0.7167167167167168,0.0040000000000000036
1434,100,0.7172172172172172,0.007000000000000006
1435,100,0.7177177177177178,0.010000000000000009
1436,100,0.7182182182182182,0.01100000000000001
1437,100,0.7187187187187187,0.01100000000000001
1438,100,0.7192192192192193,0.01200000000000001
1439,100,0.7197197197197197,0.009000000000000008
1440,100,0.7202202202202203,0.008000000000000007
1441,100,0.7207207207207207,0.010000000000000009
1442,100,0.7212212212212212,0.0040000000000000036
1443,100,0.7217217217217218,0.006000000000000005
1444,100,0.7222222222222222,0.01200000000000001
1445,100,0.7227227227227228,0.010000000000000009
1446,100,0.7232232232232232,0.006000000000000005
1447,100,0.7237237237237237,0.006000000000000005
1448,100,0.7242242242242243,0.010000000000000009
1449,100,0.7247247247247247,0.007000000000000006
1450,100,0.7252252252252253,0.010000000000000009
1451,100,0.7257257257257257,0.01100000000000001
1452,100,0.7262262262262262,0.009000000000000008
1453,100,0.7267267267267268,0.013000000000000012
1454,100,0.7272272272272272,0.0050000000000000044
1455,100,0.7277277277277278,0.0050000000000000044
1456,100,0.7282282282282282,0.013000000000000012
1457,100,0.7287287287287287,0.008000000000000007
1458,100,0.7292292292292293,0.010000000000000009
1459,100,0.7297297297297297,0.006000000000000005
1460,100,0.7302302302302303,0.013000000000000012
1461,100,0.7307307307307307,0.015000000000000013
1462,100,0.7312312312312312,0.014000000000000012
1463,100,0.7317317317317318,0.017000000000000015
1464,100,0.7322322322322322,0.009000000000000008
1465,100,0.7327327327327328,0.006000000000000005
1466,100,0.7332332332332332,0.013000000000000012
1467,100,0.7337337337337337,0.020000000000000018
1468,100,0.7342342342342343,0.01100000000000001
1469,100,0.7347347347347347,0.015000000000000013
1470,100,0.7352352352352353,0.009000000000000008
1471,100,0.7357357357357357,0.01100000000000001
1472,100,0.7362362362362362,0.01100000000000001
1473,100,0.7367367367367368,0.008000000000000007
1474,100,0.7372372372372372,0.008000000000000007
1475,100,0.7377377377377378,0.01100000000000001
1476,100,0.7382382382382382,0.010000000000000009
1477,100,0.7387387387387387,0.014000000000000012
1478,100,0.7392392392392393,0.013000000000000012
1479,100,0.7397397397397397,0.016000000000000014
1480,100,0.7402402402402403,0.014000000000000012
1481,100,0.7407407407407407,0.010000000000000009
1482,100,0.7412412412412412,0.018000000000000016
1483,100,0.7417417417417418,0.008000000000000007
1484,100,0.7422422422422422,0.019000000000000017
1485,100,0.7427427427427428,0.013000000000000012
1486,100,0.7432432432432432,0.01200000000000001
1487,100,0.7437437437437437,0.02200000000000002
1488,100,0.7442442442442443,0.016000000000000014
1489,100,0.7447447447447447,0.017000000000000015
1490,100,0.7452452452452453,0.009000000000000008
1491,100,0.7457457457457457,0.018000000000000016
1492,100,0.7462462462462462,0.028000000000000025
1493,100,0.7467467467467468,0.013000000000000012
1494,100,0.7472472472472472,0.019000000000000017
1495,100,0.7477477477477478,0.014000000000000012
1496,100,0.7482482482482482,0.01100000000000001
1497,100,0.7487487487487487,0.02100000000000002
1498,100,0.7492492492492493,0.010000000000000009
1499,100,0.7497497497497497,0.017000000000000015
1500,100,0.7502502502502503,0.010000000000000009
1501,100,0.7507507507507507,0.018000000000000016
1502,100,0.7512512512512513,0.014000000000000012
1503,100,0.7517517517517518,0.020000000000000018
1504,100,0.7522522522522522,0.017000000000000015
1505,100,0.7527527527527528,0.017000000000000015
1506,100,0.7532532532532532,0.016000000000000014
1507,100,0.7537537537537538,0.025000000000000022
1508,100,0.7542542542542543,0.017000000000000015
1509,100,0.7547547547547547,0.020000000000000018
1510,100,0.7552552552552553,0.018000000000000016
1511,100,0.7557557557557557,0.015000000000000013
1512,100,0.7562562562562563,0.016000000000000014
1513,100,0.7567567567567568,0.016000000000000014
1514,100,0.7572572572572572,0.02100000000000002
1515,100,0.7577577577577578,0.019000000000000017
1516,100,0.7582582582582582,0.02100000000000002
1517,100,0.7587587587587588,0.014000000000000012
1518,100,0.7592592592592593,0.016000000000000014
1519,100,0.7597597597597597,0.013000000000000012
1520,100,0.7602602602602603,0.017000000000000015
1521,100,0.7607607607607607,0.026000000000000023
1522,100,0.7612612612612613,0.017000000000000015
1523,100,0.7617617617617618,0.018000000000000016
1524,100,0.7622622622622622,0.017000000000000015
1525,100,0.7627627627627628,0.01200000000000001
1526,100,0.7632632632632632,0.02400000000000002
1527,100,0.7637637637637638,0.020000000000000018
1528,100,0.7642642642642643,0.02300000000000002
1529,100,0.7647647647647647,0.014000000000000012
1530,100,0.7652652652652653,0.025000000000000022
1531,100,0.7657657657657657,0.018000000000000016
1532,100,0.7662662662662663,0.027000000000000024
1533,100,0.7667667667667668,0.020000000000000018
1534,100,0.7672672672672672,0.025000000000000022
1535,100,0.7677677677677678,0.025000000000000022
1536,100,0.7682682682682682,0.026000000000000023
1537,100,0.7687687687687688,0.027000000000000024
1538,100,0.7692692692692693,0.020000000000000018
1539,100,0.7697697697697697,0.014000000000000012
1540,100,0.7702702702702703,0.019000000000000017
1541,100,0.7707707707707707,0.02200000000000002
1542,100,0.7712712712712713,0.02400000000000002
1543,100,0.7717717717717718,0.017000000000000015
1544,100,0.7722722722722722,0.016000000000000014
1545,100,0.7727727727727728,0.028000000000000025
1546,100,0.7732732732732732,0.017000000000000015
1547,100,0.7737737737737738,0.031000000000000028
1548,100,0.7742742742742743,0.03500000000000003
1549,100,0.7747747747747749,0.017000000000000015
1550,100,0.7752752752752753,0.02400000000000002
1551,100,0.7757757757757757,0.03300000000000003
1552,100,0.7762762762762763,0.03200000000000003
1553,100,0.7767767767767768,0.019000000000000017
1554,100,0.7772772772772774,0.020000000000000018
1555,100,0.7777777777777778,0.025000000000000022
1556,100,0.7782782782782782,0.020000000000000018
1557,100,0.7787787787787788,0.040000000000000036
1558,100,0.7792792792792793,0.025000000000000022
1559,100,0.7797797797797799,0.030000000000000027
1560,100,0.7802802802802803,0.026000000000000023
1561,100,0.7807807807807807,0.02300000000000002
1562,100,0.7812812812812813,0.03200000000000003
1563,100,0.7817817817817818,0.026000000000000023
1564,100,0.7822822822822824,0.031000000000000028
1565,100,0.7827827827827828,0.020000000000000018
1566,100,0.7832832832832832,0.02100000000000002
1567,100,0.7837837837837838,0.029000000000000026
1568,100,0.7842842842842843,0.02200000000000002
1569,100,0.7847847847847849,0.03200000000000003
1570,100,0.7852852852852853,0.02200000000000002
1571,100,0.7857857857857857,0.027000000000000024
1572,100,0.7862862862862863,0.04200000000000004
1573,100,0.7867867867867868,0.04500000000000004
1574,100,0.7872872872872874,0.03200000000000003
1575,100,0.7877877877877878,0.028000000000000025
1576,100,0.7882882882882882,0.027000000000000024
1577,100,0.7887887887887888,0.020000000000000018
1578,100,0.7892892892892893,0.02200000000000002
1579,100,0.7897897897897899,0.03400000000000003
1580,100,0.7902902902902903,0.028000000000000025
1581,100,0.7907907907907907,0.027000000000000024
1582,100,0.7912912912912913,0.049000000000000044
1583,100,0.7917917917917918,0.04400000000000004
1584,100,0.7922922922922924,0.03600000000000003
1585,100,0.7927927927927928,0.04400000000000004
1586,100,0.7932932932932932,0.027000000000000024
1587,100,0.7937937937937938,0.031000000000000028
1588,100,0.7942942942942943,0.039000000000000035
1589,100,0.7947947947947949,0.03500000000000003
1590,100,0.7952952952952953,0.025000000000000022
1591,100,0.7957957957957957,0.04500000000000004
1592,100,0.7962962962962963,0.04400000000000004
1593,100,0.7967967967967968,0.040000000000000036
1594,100,0.7972972972972974,0.03300000000000003
1595,100,0.7977977977977978,0.031000000000000028
1596,100,0.7982982982982982,0.03600000000000003
1597,100,0.7987987987987988,0.03600000000000003
1598,100,0.7992992992992993,0.03500000000000003
1599,100,0.7997997997997999,0.029000000000000026
1600,100,0.8003003003003003,0.041000000000000036
1601,100,0.8008008008008007,0.049000000000000044
1602,100,0.8013013013013013,0.040000000000000036
1603,100,0.8018018018018018,0.049000000000000044
1604,100,0.8023023023023024,0.041000000000000036
1605,100,0.8028028028028028,0.03300000000000003
1606,100,0.8033033033033032,0.04800000000000004
1607,100,0.8038038038038038,0.04200000000000004
1608,100,0.8043043043043043,0.038000000000000034
1609,100,0.8048048048048049,0.04400000000000004
1610,100,0.8053053053053053,0.03500000000000003
1611,100,0.8058058058058057,0.040000000000000036
1612,100,0.8063063063063063,0.04500000000000004
1613,100,0.8068068068068068,0.05700000000000005
1614,100,0.8073073073073074,0.05400000000000005
1615,100,0.8078078078078078,0.040000000000000036
1616,100,0.8083083083083082,0.05300000000000005
1617,100,0.8088088088088088,0.04200000000000004
1618,100,0.8093093093093093,0.04200000000000004
1619,100,0.8098098098098099,0.06299999999999994
1620,100,0.8103103103103103,0.04600000000000004
1621,100,0.8108108108108107,0.04400000000000004
1622,100,0.8113113113113113,0.05300000000000005
1623,100,0.8118118118118118,0.04800000000000004
1624,100,0.8123123123123124,0.05800000000000005
1625,100,0.8128128128128128,0.04700000000000004
1626,100,0.8133133133133132,0.050000000000000044
1627,100,0.8138138138138138,0.049000000000000044
1628,100,0.8143143143143143,0.06299999999999994
1629,100,0.8148148148148149,0.050000000000000044
1630,100,0.8153153153153153,0.04500000000000004
1631,100,0.8158158158158157,0.04400000000000004
1632,100,0.8163163163163163,0.04700000000000004
1633,100,0.8168168168168168,0.06599999999999995
1634,100,0.8173173173173174,0.052000000000000046
1635,100,0.8178178178178178,0.05800000000000005
1636,100,0.8183183183183182,0.052000000000000046
1637,100,0.8188188188188188,0.05900000000000005
1638,100,0.8193193193193193,0.05900000000000005
1639,100,0.8198198198198199,0.06699999999999995
1640,100,0.8203203203203203,0.052000000000000046
1641,100,0.8208208208208208,0.05800000000000005
1642,100,0.8213213213213213,0.062000000000000055
1643,100,0.8218218218218218,0.06799999999999995
1644,100,0.8223223223223224,0.07099999999999995
1645,100,0.8228228228228228,0.05700000000000005
1646,100,0.8233233233233233,0.061000000000000054
1647,100,0.8238238238238238,0.06699999999999995
1648,100,0.8243243243243243,0.06000000000000005
1649,100,0.8248248248248249,0.06999999999999995
1650,100,0.8253253253253253,0.06999999999999995
1651,100,0.8258258258258258,0.04700000000000004
1652,100,0.8263263263263263,0.06599999999999995
1653,100,0.8268268268268268,0.06299999999999994
1654,100,0.8273273273273274,0.06000000000000005
1655,100,0.8278278278278278,0.07499999999999996
1656,100,0.8283283283283283,0.06999999999999995
1657,100,0.8288288288288288,0.06299999999999994
1658,100,0.8293293293293293,0.08099999999999996
1659,100,0.8298298298298299,0.06399999999999995
1660,100,0.8303303303303303,0.061000000000000054
1661,100,0.8308308308308308,0.06699999999999995
1662,100,0.8313313313313313,0.06499999999999995
1663,100,0.8318318318318318,0.07099999999999995
1664,100,0.8323323323323324,0.08399999999999996
1665,100,0.8328328328328328,0.07699999999999996
1666,100,0.8333333333333333,0.07299999999999995
1667,100,0.8338338338338338,0.06799999999999995
1668,100,0.8343343343343343,0.05600000000000005
1669,100,0.8348348348348349,0.05600000000000005
1670,100,0.8353353353353353,0.08099999999999996
1671,100,0.8358358358358358,0.07299999999999995
1672,100,0.8363363363363363,0.08299999999999996
1673,100,0.8368368368368369,0.07899999999999996
1674,100,0.8373373373373374,0.07399999999999995
1675,100,0.8378378378378378,0.08999999999999997
1676,100,0.8383383383383383,0.07699999999999996
1677,100,0.8388388388388388,0.08699999999999997
1678,100,0.8393393393393394,0.08799999999999997
1679,100,0.8398398398398399,0.08499999999999996
1680,100,0.8403403403403403,0.08199999999999996
1681,100,0.8408408408408408,0.07799999999999996
1682,100,0.8413413413413413,0.09999999999999998
1683,100,0.8418418418418419,0.07399999999999995
1684,100,0.8423423423423424,0.08899999999999997
1685,100,0.8428428428428428,0.08399999999999996
1686,100,0.8433433433433433,0.08599999999999997
1687,100,0.8438438438438438,0.09199999999999997
1688,100,0.8443443443443444,0.08799999999999997
1689,100,0.8448448448448449,0.09199999999999997
1690,100,0.8453453453453453,0.08799999999999997
1691,100,0.8458458458458458,0.08599999999999997
1692,100,0.8463463463463463,0.09099999999999997
1693,100,0.8468468468468469,0.09499999999999997
1694,100,0.8473473473473474,0.09599999999999997
1695,100,0.8478478478478478,0.08299999999999996
1696,100,0.8483483483483483,0.08999999999999997
1697,100,0.8488488488488488,0.11199999999999999
1698,100,0.8493493493493494,0.08199999999999996
1699,100,0.8498498498498499,0.10299999999999998
1700,100,0.8503503503503503,0.10999999999999999
1701,100,0.8508508508508508,0.09999999999999998
1702,100,0.8513513513513513,0.08199999999999996
1703,100,0.8518518518518519,0.08099999999999996
1704,100,0.8523523523523524,0.08799999999999997
1705,100,0.8528528528528528,0.10699999999999998
1706,100,0.8533533533533533,0.08899999999999997
1707,100,0.8538538538538538,0.125
1708,100,0.8543543543543544,0.10599999999999998
1709,100,0.8548548548548549,0.125
1710,100,0.8553553553553553,0.11599999999999999
1711,100,0.8558558558558558,0.09399999999999997
1712,100,0.8563563563563563,0.10499999999999998
1713,100,0.8568568568568569,0.10899999999999999
1714,100,0.8573573573573574,0.10599999999999998
1715,100,0.8578578578578578,0.09799999999999998
1716,100,0.8583583583583583,0.10699999999999998
1717,100,0.8588588588588588,0.09799999999999998
1718,100,0.8593593593593594,0.128
1719,100,0.8598598598598599,0.122
1720,100,0.8603603603603603,0.10199999999999998
1721,100,0.8608608608608608,0.136
1722,100,0.8613613613613613,0.10199999999999998
1723,100,0.8618618618618619,0.11599999999999999
1724,100,0.8623623623623624,0.128
1725,100,0.8628628628628628,0.10499999999999998
1726,100,0.8633633633633633,0.126
1727,100,0.8638638638638638,0.126
1728,100,0.8643643643643644,0.11299999999999999
1729,100,0.8648648648648649,0.10799999999999998
1730,100,0.8653653653653653,0.126
1731,100,0.8658658658658658,0.131
1732,100,0.8663663663663663,0.14800000000000002
1733,100,0.8668668668668669,0.127
1734,100,0.8673673673673674,0.126
1735,100,0.8678678678678678,0.133
1736,100,0.8683683683683684,0.122
1737,100,0.8688688688688688,0.123
1738,100,0.8693693693693694,0.129
1739,100,0.8698698698698699,0.136
1740,100,0.8703703703703703,0.138
1741,100,0.8708708708708709,0.138
1742,100,0.8713713713713713,0.129
1743,100,0.8718718718718719,0.14500000000000002
1744,100,0.8723723723723724,0.14500000000000002
1745,100,0.8728728728728729,0.16100000000000003
1746,100,0.8733733733733734,0.14700000000000002
1747,100,0.8738738738738738,0.14300000000000002
1748,100,0.8743743743743744,0.16100000000000003
1749,100,0.8748748748748749,0.128
1750,100,0.8753753753753754,0.15300000000000002
1751,100,0.8758758758758759,0.14
1752,100,0.8763763763763763,0.17100000000000004
1753,100,0.8768768768768769,0.127
1754,100,0.8773773773773774,0.15600000000000003
1755,100,0.8778778778778779,0.16800000000000004
1756,100,0.8783783783783784,0.17400000000000004
1757,100,0.8788788788788788,0.15100000000000002
1758,100,0.8793793793793794,0.14
1759,100,0.8798798798798799,0.14700000000000002
1760,100,0.8803803803803804,0.15600000000000003
1761,100,0.8808808808808809,0.17300000000000004
1762,100,0.8813813813813813,0.16600000000000004
1763,100,0.8818818818818819,0.15700000000000003
1764,100,0.8823823823823824,0.16400000000000003
1765,100,0.8828828828828829,0.16800000000000004
1766,100,0.8833833833833834,0.16300000000000003
1767,100,0.8838838838838838,0.15100000000000002
1768,100,0.8843843843843844,0.17900000000000005
1769,100,0.8848848848848849,0.18300000000000005
1770,100,0.8853853853853854,0.18200000000000005
1771,100,0.8858858858858859,0.17300000000000004
1772,100,0.8863863863863863,0.16900000000000004
1773,100,0.8868868868868869,0.18899999999999995
1774,100,0.8873873873873874,0.16000000000000003
1775,100,0.8878878878878879,0.15700000000000003
1776,100,0.8883883883883884,0.19399999999999995
1777,100,0.8888888888888888,0.17100000000000004
1778,100,0.8893893893893894,0.18700000000000006
1779,100,0.8898898898898899,0.19999999999999996
1780,100,0.8903903903903904,0.19399999999999995
1781,100,0.8908908908908909,0.17000000000000004
1782,100,0.8913913913913913,0.20099999999999996
1783,100,0.8918918918918919,0.18899999999999995
1784,100,0.8923923923923924,0.18500000000000005
1785,100,0.8928928928928929,0.17300000000000004
1786,100,0.8933933933933934,0.21499999999999997
1787,100,0.8938938938938938,0.20599999999999996
1788,100,0.8943943943943944,0.19599999999999995
1789,100,0.8948948948948949,0.19699999999999995
1790,100,0.8953953953953954,0.20199999999999996
1791,100,0.8958958958958959,0.21699999999999997
1792,100,0.8963963963963963,0.18899999999999995
1793,100,0.8968968968968969,0.21299999999999997
1794,100,0.8973973973973974,0.18700000000000006
1795,100,0.8978978978978979,0.22399999999999998
1796,100,0.8983983983983984,0.20199999999999996
1797,100,0.8988988988988988,0.21299999999999997
1798,100,0.8993993993993994,0.21899999999999997
1799,100,0.8998998998998999,0.20999999999999996
1800,100,0.9004004004004004,0.20499999999999996
1801,100,0.9009009009009009,0.22999999999999998
1802,100,0.9014014014014013,0.20699999999999996
1803,100,0.9019019019019019,0.21199999999999997
1804,100,0.9024024024024024,0.21999999999999997
1805,100,0.902902902902903,0.237
1806,100,0.9034034034034034,0.23399999999999999
1807,100,0.9039039039039038,0.21999999999999997
1808,100,0.9044044044044044,0.22899999999999998
1809,100,0.9049049049049049,0.237
1810,100,0.9054054054054055,0.254
1811,100,0.9059059059059059,0.235
1812,100,0.9064064064064064,0.21599999999999997
1813,100,0.9069069069069069,0.23199999999999998
1814,100,0.9074074074074074,0.245
1815,100,0.907907907907908,0.243
1816,100,0.9084084084084084,0.22899999999999998
1817,100,0.9089089089089089,0.251
1818,100,0.9094094094094094,0.22399999999999998
1819,100,0.9099099099099099,0.23199999999999998
1820,100,0.9104104104104105,0.23199999999999998
1821,100,0.9109109109109109,0.247
1822,100,0.9114114114114114,0.242
1823,100,0.9119119119119119,0.239
1824,100,0.9124124124124124,0.23399999999999999
1825,100,0.912912912912913,0.28800000000000003
1826,100,0.9134134134134134,0.269
1827,100,0.9139139139139139,0.28700000000000003
1828,100,0.9144144144144144,0.257
1829,100,0.914914914914915,0.243
1830,100,0.9154154154154155,0.278
1831,100,0.9159159159159159,0.28700000000000003
1832,100,0.9164164164164164,0.27
1833,100,0.9169169169169169,0.28700000000000003
1834,100,0.9174174174174174,0.29100000000000004
1835,100,0.917917917917918,0.263
1836,100,0.9184184184184184,0.30600000000000005
1837,100,0.9189189189189189,0.30100000000000005
1838,100,0.9194194194194194,0.279
1839,100,0.91991991991992,0.30000000000000004
1840,100,0.9204204204204205,0.266
1841,100,0.9209209209209209,0.281
1842,100,0.9214214214214214,0.29100000000000004
1843,100,0.9219219219219219,0.28700000000000003
1844,100,0.9224224224224224,0.279
1845,100,0.922922922922923,0.29900000000000004
1846,100,0.9234234234234234,0.29900000000000004
1847,100,0.9239239239239239,0.31200000000000006
1848,100,0.9244244244244244,0.29900000000000004
1849,100,0.924924924924925,0.30400000000000005
1850,100,0.9254254254254255,0.30700000000000005
1851,100,0.9259259259259259,0.279
1852,100,0.9264264264264264,0.32599999999999996
1853,100,0.9269269269269269,0.33499999999999996
1854,100,0.9274274274274275,0.30200000000000005
1855,100,0.927927927927928,0.30500000000000005
1856,100,0.9284284284284284,0.32299999999999995
1857,100,0.9289289289289289,0.33499999999999996
1858,100,0.9294294294294294,0.32699999999999996
1859,100,0.92992992992993,0.352
1860,100,0.9304304304304305,0.32799999999999996
1861,100,0.9309309309309309,0.31999999999999995
1862,100,0.9314314314314314,0.346
1863,100,0.9319319319319319,0.344
1864,100,0.9324324324324325,0.361
1865,100,0.932932932932933,0.33499999999999996
1866,100,0.9334334334334334,0.369
1867,100,0.9339339339339339,0.32499999999999996
1868,100,0.9344344344344344,0.369
1869,100,0.934934934934935,0.351
1870,100,0.9354354354354355,0.352
1871,100,0.9359359359359359,0.396
1872,100,0.9364364364364364,0.368
1873,100,0.9369369369369369,0.34199999999999997
1874,100,0.9374374374374375,0.366
1875,100,0.937937937937938,0.372
1876,100,0.9384384384384384,0.389
1877,100,0.9389389389389389,0.402
1878,100,0.9394394394394394,0.391
1879,100,0.93993993993994,0.363
1880,100,0.9404404404404405,0.382
1881,100,0.9409409409409409,0.393
1882,100,0.9414414414414414,0.387
1883,100,0.9419419419419419,0.394
1884,100,0.9424424424424425,0.41300000000000003
1885,100,0.942942942942943,0.406
1886,100,0.9434434434434434,0.42500000000000004
1887,100,0.9439439439439439,0.41300000000000003
1888,100,0.9444444444444444,0.39
1889,100,0.944944944944945,0.41300000000000003
1890,100,0.9454454454454455,0.41100000000000003
1891,100,0.9459459459459459,0.44499999999999995
1892,100,0.9464464464464464,0.40800000000000003
1893,100,0.9469469469469469,0.43899999999999995
1894,100,0.9474474474474475,0.43200000000000005
1895,100,0.947947947947948,0.41600000000000004
1896,100,0.9484484484484484,0.41000000000000003
1897,100,0.9489489489489489,0.43200000000000005
1898,100,0.9494494494494494,0.44599999999999995
1899,100,0.94994994994995,0.46799999999999997
1900,100,0.9504504504504505,0.44599999999999995
1901,100,0.950950950950951,0.43899999999999995
1902,100,0.9514514514514514,0.44299999999999995
1903,100,0.9519519519519519,0.472
1904,100,0.9524524524524525,0.478
1905,100,0.952952952952953,0.46499999999999997
1906,100,0.9534534534534534,0.45999999999999996
1907,100,0.9539539539539539,0.506
1908,100,0.9544544544544544,0.471
1909,100,0.954954954954955,0.49
1910,100,0.9554554554554555,0.46799999999999997
1911,100,0.955955955955956,0.5
1912,100,0.9564564564564564,0.51
1913,100,0.9569569569569569,0.523
1914,100,0.9574574574574575,0.512
1915,100,0.957957957957958,0.498
1916,100,0.9584584584584585,0.488
1917,100,0.9589589589589589,0.523
1918,100,0.9594594594594594,0.53
1919,100,0.95995995995996,0.495
1920,100,0.9604604604604605,0.521
1921,100,0.960960960960961,0.5409999999999999
1922,100,0.9614614614614614,0.522
1923,100,0.9619619619619619,0.5409999999999999
1924,100,0.9624624624624625,0.5680000000000001
1925,100,0.962962962962963,0.521
1926,100,0.9634634634634635,0.504
1927,100,0.9639639639639639,0.532
1928,100,0.9644644644644644,0.5740000000000001
1929,100,0.964964964964965,0.5640000000000001
1930,100,0.9654654654654655,0.534
1931,100,0.965965965965966,0.5860000000000001
1932,100,0.9664664664664664,0.598
1933,100,0.9669669669669669,0.5720000000000001
1934,100,0.9674674674674675,0.565
1935,100,0.967967967967968,0.6
1936,100,0.9684684684684685,0.5860000000000001
1937,100,0.9689689689689689,0.5840000000000001
1938,100,0.9694694694694694,0.614
1939,100,0.96996996996997,0.602
1940,100,0.9704704704704705,0.609
1941,100,0.970970970970971,0.63
1942,100,0.9714714714714714,0.614
1943,100,0.9719719719719719,0.596
1944,100,0.9724724724724725,0.614
1945,100,0.972972972972973,0.656
1946,100,0.9734734734734735,0.6659999999999999
1947,100,0.9739739739739739,0.649
1948,100,0.9744744744744744,0.625
1949,100,0.974974974974975,0.648
1950,100,0.9754754754754755,0.6599999999999999
1951,100,0.975975975975976,0.6859999999999999
1952,100,0.9764764764764764,0.675
1953,100,0.9769769769769769,0.681
1954,100,0.9774774774774775,0.6719999999999999
1955,100,0.977977977977978,0.681
1956,100,0.9784784784784785,0.685
1957,100,0.9789789789789789,0.708
1958,100,0.9794794794794794,0.7170000000000001
1959,100,0.97997997997998,0.688
1960,100,0.9804804804804805,0.728
1961,100,0.980980980980981,0.706
1962,100,0.9814814814814814,0.739
1963,100,0.9819819819819819,0.735
1964,100,0.9824824824824825,0.737
1965,100,0.982982982982983,0.73
1966,100,0.9834834834834835,0.761
1967,100,0.9839839839839839,0.756
1968,100,0.9844844844844844,0.74
1969,100,0.984984984984985,0.752
1970,100,0.9854854854854855,0.784
1971,100,0.985985985985986,0.762
1972,100,0.9864864864864864,0.765
1973,100,0.986986986986987,0.8140000000000001
1974,100,0.9874874874874875,0.771
1975,100,0.987987987987988,0.788
1976,100,0.9884884884884885,0.812
1977,100,0.9889889889889889,0.8260000000000001
1978,100,0.9894894894894894,0.8
1979,100,0.98998998998999,0.8089999999999999
1980,100,0.9904904904904905,0.849
1981,100,0.990990990990991,0.825
1982,100,0.9914914914914914,0.86
1983,100,0.991991991991992,0.847
1984,100,0.9924924924924925,0.86
1985,100,0.992992992992993,0.865
1986,100,0.9934934934934935,0.878
1987,100,0.9939939939939939,0.87
1988,100,0.9944944944944945,0.888
1989,100,0.994994994994995,0.884
1990,100,0.9954954954954955,0.926
1991,100,0.995995995995996,0.921
1992,100,0.9964964964964965,0.922
1993,100,0.996996996996997,0.942
1994,100,0.9974974974974975,0.9390000000000001
1995,100,0.997997997997998,0.956
1996,100,0.9984984984984985,0.966
1997,100,0.998998998998999,0.977
1998,100,0.9994994994994995,0.987
1999,100,1.0,1.0
